{"name":null,"assets":"aoy4:sizei470094y4:typey5:SOUNDy2:idy26:assets%2Fsounds%2Fship.wavy9:pathGroupaR4hy7:preloadtgoR0i488526R1R2R3y28:assets%2Fsounds%2Fbutton.wavR5aR7hR6tgoR0i92238R1R2R3y28:assets%2Fsounds%2Fanchor.wavR5aR8hR6tgoR0i714318R1R2R3y30:assets%2Fsounds%2FrocksHit.wavR5aR9hR6tgoy4:pathy30:assets%2Fimages%2Fsettings.pngR0i236R1y5:IMAGER3R11R6tgoR10y30:assets%2Fimages%2Ftreasure.pngR0i252R1R12R3R13R6tgoR10y26:assets%2Fimages%2Fplay.pngR0i216R1R12R3R14R6tgoR10y29:assets%2Fimages%2Frestart.pngR0i182R1R12R3R15R6tgoR10y28:assets%2Fimages%2Flevels.pngR0i135R1R12R3R16R6tgoR10y26:assets%2Fimages%2Fnext.pngR0i196R1R12R3R17R6tgoR10y28:assets%2Fimages%2Fanchor.pngR0i209R1R12R3R18R6tgoR10y26:assets%2Fimages%2Fship.pngR0i290R1R12R3R19R6tgoR10y26:assets%2Fimages%2Fback.pngR0i223R1R12R3R20R6tgoR10y24:assets%2Fimages%2Fbg.pngR0i16337R1R12R3R21R6tgoR10y28:assets%2Fimages%2Fcursor.pngR0i136R1R12R3R22R6tgoR10y27:assets%2Fimages%2Frocks.pngR0i1129R1R12R3R23R6tgoR10y39:assets%2Fimages%2Ftreasure_and_rock.pngR0i1379R1R12R3R24R6tgoR10y36:assets%2Fimages%2Fdangeros_rocks.pngR0i757R1R12R3R25R6tgoR10y34:assets%2Fimages%2FanchorButton.pngR0i338R1R12R3R26R6tgoR0i39706R1y5:MUSICR3y28:flixel%2Fsounds%2Fflixel.mp3R5aR28y28:flixel%2Fsounds%2Fflixel.ogghR6tgoR0i8220R1R27R3y26:flixel%2Fsounds%2Fbeep.mp3R5aR30y26:flixel%2Fsounds%2Fbeep.ogghR6tgoR0i6840R1R2R3R31R5aR30R31hgoR0i33629R1R2R3R29R5aR28R29hgoR0i15744R1y4:FONTy9:classNamey35:__ASSET__flixel_fonts_nokiafc22_ttfR3y30:flixel%2Ffonts%2Fnokiafc22.ttfR6tgoR0i29724R1R32R33y36:__ASSET__flixel_fonts_monsterrat_ttfR3y31:flixel%2Ffonts%2Fmonsterrat.ttfR6tgoR10y33:flixel%2Fimages%2Fui%2Fbutton.pngR0i222R1R12R3R38R6tgoR10y36:flixel%2Fimages%2Flogo%2Fdefault.pngR0i484R1R12R3R39R6tgh","rootPath":null,"version":2,"libraryArgs":[],"libraryType":null}